Viaje; POI; Etiquetas
=====================
Oporto; 1.- Iglesia y Torre de los Clérigos; Monumental, Cultural
Oporto; 2.- Librería Lello e Irmao; Infantil
Oporto; 3.- Bodega Sandeman; Histórico, Enológico
Jaen; 1.- Cazorla; Ecológico
Jaen; 2.- Úbeda y Baeza; Monumental, Histórico
Jaen; 3.- Castillo de Santa Catalina; Monumental, Histórico, Ciudad
Dublín; 1.- The Book of Kells and the Old Library Exhibition; Cultural
Dublín; 2.- Temple Bar; Música, Ocio
Dublín; 3.- Grafton Street; Compras, Arte
